family,genus,species,individual_id,n_images,H,W,dataset_path
Betulaceae,Alnus,Alnus_firma,prep_06341,9,900,900,Betulaceae/Alnus/Alnus_firma/prep_06341
Betulaceae,Alnus,Alnus_firma,prep_10208,12,900,900,Betulaceae/Alnus/Alnus_firma/prep_10208
Betulaceae,Alnus,Alnus_firma,prep_10337,10,900,900,Betulaceae/Alnus/Alnus_firma/prep_10337
Betulaceae,Alnus,Alnus_firma,prep_10769,12,900,900,Betulaceae/Alnus/Alnus_firma/prep_10769
Betulaceae,Alnus,Alnus_firma,prep_10825,16,900,900,Betulaceae/Alnus/Alnus_firma/prep_10825
Betulaceae,Alnus,Alnus_hirsuta_var_hirsuta,prep_06442,16,900,900,Betulaceae/Alnus/Alnus_hirsuta_var_hirsuta/prep_06442
Betulaceae,Alnus,Alnus_hirsuta_var_hirsuta,prep_10328,12,900,900,Betulaceae/Alnus/Alnus_hirsuta_var_hirsuta/prep_10328
Betulaceae,Alnus,Alnus_hirsuta_var_hirsuta,prep_10768,14,900,900,Betulaceae/Alnus/Alnus_hirsuta_var_hirsuta/prep_10768
Betulaceae,Alnus,Alnus_hirsuta_var_hirsuta,prep_10938,16,900,900,Betulaceae/Alnus/Alnus_hirsuta_var_hirsuta/prep_10938
Betulaceae,Alnus,Alnus_hirsuta_var_sibirica,prep_06206,10,900,900,Betulaceae/Alnus/Alnus_hirsuta_var_sibirica/prep_06206
Betulaceae,Alnus,Alnus_japonica_var_japonica,prep_10536,13,900,900,Betulaceae/Alnus/Alnus_japonica_var_japonica/prep_10536
Betulaceae,Alnus,Alnus_japonica_var_japonica,prep_10608,13,900,900,Betulaceae/Alnus/Alnus_japonica_var_japonica/prep_10608
Betulaceae,Alnus,Alnus_matsumurae,prep_06208,14,900,900,Betulaceae/Alnus/Alnus_matsumurae/prep_06208
Betulaceae,Alnus,Alnus_matsumurae,prep_10397,10,900,900,Betulaceae/Alnus/Alnus_matsumurae/prep_10397
Betulaceae,Alnus,Alnus_pendula,prep_10592,13,900,900,Betulaceae/Alnus/Alnus_pendula/prep_10592
Betulaceae,Alnus,Alnus_sieboldiana,prep_06207,5,900,900,Betulaceae/Alnus/Alnus_sieboldiana/prep_06207
Betulaceae,Alnus,Alnus_sieboldiana,prep_10057,7,900,900,Betulaceae/Alnus/Alnus_sieboldiana/prep_10057
Betulaceae,Alnus,Alnus_sieboldiana,prep_10534,14,900,900,Betulaceae/Alnus/Alnus_sieboldiana/prep_10534
Betulaceae,Alnus,Alnus_viridis_subsp_maximowiczii,prep_10408,14,900,900,Betulaceae/Alnus/Alnus_viridis_subsp_maximowiczii/prep_10408
Betulaceae,Betula,Betula_corylifolia,prep_10398,12,900,900,Betulaceae/Betula/Betula_corylifolia/prep_10398
Betulaceae,Betula,Betula_ermanii,prep_06347,10,900,900,Betulaceae/Betula/Betula_ermanii/prep_06347
Betulaceae,Betula,Betula_ermanii,prep_10323,13,900,900,Betulaceae/Betula/Betula_ermanii/prep_10323
Betulaceae,Betula,Betula_ermanii,prep_10424,14,900,900,Betulaceae/Betula/Betula_ermanii/prep_10424
Betulaceae,Betula,Betula_grossa,prep_09788,13,900,900,Betulaceae/Betula/Betula_grossa/prep_09788
Betulaceae,Betula,Betula_grossa,prep_10326,12,900,900,Betulaceae/Betula/Betula_grossa/prep_10326
Betulaceae,Betula,Betula_grossa,prep_10468,11,900,900,Betulaceae/Betula/Betula_grossa/prep_10468
Betulaceae,Betula,Betula_grossa,prep_10889,9,900,900,Betulaceae/Betula/Betula_grossa/prep_10889
Betulaceae,Betula,Betula_maximowicziana,prep_10461,11,900,900,Betulaceae/Betula/Betula_maximowicziana/prep_10461
Betulaceae,Betula,Betula_platyphylla_var_japonica,prep_09853,11,900,900,Betulaceae/Betula/Betula_platyphylla_var_japonica/prep_09853
Betulaceae,Betula,Betula_platyphylla_var_japonica,prep_10423,10,900,900,Betulaceae/Betula/Betula_platyphylla_var_japonica/prep_10423
Betulaceae,Betula,Betula_platyphylla_var_japonica,prep_10449,10,900,900,Betulaceae/Betula/Betula_platyphylla_var_japonica/prep_10449
Betulaceae,Carpinus,Carpinus_cordata,prep_09819,17,900,900,Betulaceae/Carpinus/Carpinus_cordata/prep_09819
Betulaceae,Carpinus,Carpinus_cordata,prep_09949,13,900,900,Betulaceae/Carpinus/Carpinus_cordata/prep_09949
Betulaceae,Carpinus,Carpinus_cordata,prep_10841,11,900,900,Betulaceae/Carpinus/Carpinus_cordata/prep_10841
Betulaceae,Carpinus,Carpinus_japonica,prep_06480,3,900,900,Betulaceae/Carpinus/Carpinus_japonica/prep_06480
Betulaceae,Carpinus,Carpinus_japonica,prep_06527,11,900,900,Betulaceae/Carpinus/Carpinus_japonica/prep_06527
Betulaceae,Carpinus,Carpinus_japonica,prep_09599,13,900,900,Betulaceae/Carpinus/Carpinus_japonica/prep_09599
Betulaceae,Carpinus,Carpinus_japonica,prep_09838,11,900,900,Betulaceae/Carpinus/Carpinus_japonica/prep_09838
Betulaceae,Carpinus,Carpinus_japonica,prep_09985,14,900,900,Betulaceae/Carpinus/Carpinus_japonica/prep_09985
Betulaceae,Carpinus,Carpinus_japonica,prep_10327,16,900,900,Betulaceae/Carpinus/Carpinus_japonica/prep_10327
Betulaceae,Carpinus,Carpinus_japonica,prep_10542,8,900,900,Betulaceae/Carpinus/Carpinus_japonica/prep_10542
Betulaceae,Carpinus,Carpinus_japonica,prep_10663,11,900,900,Betulaceae/Carpinus/Carpinus_japonica/prep_10663
Betulaceae,Carpinus,Carpinus_japonica,prep_10811,12,900,900,Betulaceae/Carpinus/Carpinus_japonica/prep_10811
Betulaceae,Carpinus,Carpinus_laxiflora,prep_09966,10,900,900,Betulaceae/Carpinus/Carpinus_laxiflora/prep_09966
Betulaceae,Carpinus,Carpinus_laxiflora,prep_10052,12,900,900,Betulaceae/Carpinus/Carpinus_laxiflora/prep_10052
Betulaceae,Carpinus,Carpinus_laxiflora,prep_10661,7,900,900,Betulaceae/Carpinus/Carpinus_laxiflora/prep_10661
Betulaceae,Carpinus,Carpinus_laxiflora,prep_10895,19,900,900,Betulaceae/Carpinus/Carpinus_laxiflora/prep_10895
Betulaceae,Carpinus,Carpinus_tschonoskii,prep_06356,14,900,900,Betulaceae/Carpinus/Carpinus_tschonoskii/prep_06356
Betulaceae,Carpinus,Carpinus_tschonoskii,prep_09622,12,900,900,Betulaceae/Carpinus/Carpinus_tschonoskii/prep_09622
Betulaceae,Carpinus,Carpinus_tschonoskii,prep_09967,14,900,900,Betulaceae/Carpinus/Carpinus_tschonoskii/prep_09967
Betulaceae,Carpinus,Carpinus_tschonoskii,prep_10595,14,900,900,Betulaceae/Carpinus/Carpinus_tschonoskii/prep_10595
Betulaceae,Carpinus,Carpinus_tschonoskii,prep_10838,10,900,900,Betulaceae/Carpinus/Carpinus_tschonoskii/prep_10838
Betulaceae,Carpinus,Carpinus_tschonoskii,prep_10896,5,900,900,Betulaceae/Carpinus/Carpinus_tschonoskii/prep_10896
Betulaceae,Carpinus,Carpinus_tschonoskii,prep_10914,10,900,900,Betulaceae/Carpinus/Carpinus_tschonoskii/prep_10914
Betulaceae,Corylus,Corylus_sieboldiana,prep_09889,7,900,900,Betulaceae/Corylus/Corylus_sieboldiana/prep_09889
Betulaceae,Corylus,Corylus_sieboldiana,prep_10427,12,900,900,Betulaceae/Corylus/Corylus_sieboldiana/prep_10427
Betulaceae,Corylus,Corylus_sieboldiana,prep_10629,12,900,900,Betulaceae/Corylus/Corylus_sieboldiana/prep_10629
Betulaceae,Corylus,Corylus_sieboldiana,prep_10913,11,900,900,Betulaceae/Corylus/Corylus_sieboldiana/prep_10913
Betulaceae,Corylus,Corylus_sieboldiana,prep_10934,12,900,900,Betulaceae/Corylus/Corylus_sieboldiana/prep_10934
Betulaceae,Ostrya,Ostrya_japonica,KYOw_00054,13,900,900,Betulaceae/Ostrya/Ostrya_japonica/KYOw_00054
Betulaceae,Ostrya,Ostrya_japonica,KYOw_00348,10,900,900,Betulaceae/Ostrya/Ostrya_japonica/KYOw_00348
Betulaceae,Ostrya,Ostrya_japonica,KYOw_01611,8,900,900,Betulaceae/Ostrya/Ostrya_japonica/KYOw_01611
Betulaceae,Ostrya,Ostrya_japonica,KYOw_02812,13,900,900,Betulaceae/Ostrya/Ostrya_japonica/KYOw_02812
Betulaceae,Ostrya,Ostrya_japonica,KYOw_05396,19,900,900,Betulaceae/Ostrya/Ostrya_japonica/KYOw_05396
Betulaceae,Ostrya,Ostrya_japonica,KYOw_05431,10,900,900,Betulaceae/Ostrya/Ostrya_japonica/KYOw_05431
Betulaceae,Ostrya,Ostrya_japonica,KYOw_08211,11,900,900,Betulaceae/Ostrya/Ostrya_japonica/KYOw_08211
Betulaceae,Ostrya,Ostrya_japonica,KYOw_08212,12,900,900,Betulaceae/Ostrya/Ostrya_japonica/KYOw_08212
Betulaceae,Ostrya,Ostrya_japonica,KYOw_09236,12,900,900,Betulaceae/Ostrya/Ostrya_japonica/KYOw_09236
Betulaceae,Ostrya,Ostrya_japonica,KYOw_16532,9,900,900,Betulaceae/Ostrya/Ostrya_japonica/KYOw_16532
Betulaceae,Ostrya,Ostrya_japonica,prep_06204,13,900,900,Betulaceae/Ostrya/Ostrya_japonica/prep_06204
Cannabaceae,Aphananthe,Aphananthe_aspera,KYOw_02801,12,900,900,Cannabaceae/Aphananthe/Aphananthe_aspera/KYOw_02801
Cannabaceae,Aphananthe,Aphananthe_aspera,KYOw_02965,16,900,900,Cannabaceae/Aphananthe/Aphananthe_aspera/KYOw_02965
Cannabaceae,Aphananthe,Aphananthe_aspera,KYOw_04922,13,900,900,Cannabaceae/Aphananthe/Aphananthe_aspera/KYOw_04922
Cannabaceae,Aphananthe,Aphananthe_aspera,KYOw_08568,12,900,900,Cannabaceae/Aphananthe/Aphananthe_aspera/KYOw_08568
Cannabaceae,Aphananthe,Aphananthe_aspera,KYOw_12372,15,900,900,Cannabaceae/Aphananthe/Aphananthe_aspera/KYOw_12372
Cannabaceae,Aphananthe,Aphananthe_aspera,KYOw_13938,13,900,900,Cannabaceae/Aphananthe/Aphananthe_aspera/KYOw_13938
Cannabaceae,Aphananthe,Aphananthe_aspera,KYOw_18771,15,900,900,Cannabaceae/Aphananthe/Aphananthe_aspera/KYOw_18771
Cannabaceae,Aphananthe,Aphananthe_aspera,KYOw_20378,13,900,900,Cannabaceae/Aphananthe/Aphananthe_aspera/KYOw_20378
Cannabaceae,Aphananthe,Aphananthe_aspera,prep_10044,20,900,900,Cannabaceae/Aphananthe/Aphananthe_aspera/prep_10044
Cannabaceae,Celtis,Celtis_sinensis,KYOw_01137,10,900,900,Cannabaceae/Celtis/Celtis_sinensis/KYOw_01137
Cannabaceae,Celtis,Celtis_sinensis,KYOw_01624,10,900,900,Cannabaceae/Celtis/Celtis_sinensis/KYOw_01624
Cannabaceae,Celtis,Celtis_sinensis,KYOw_02805,12,900,900,Cannabaceae/Celtis/Celtis_sinensis/KYOw_02805
Cannabaceae,Celtis,Celtis_sinensis,KYOw_02870,10,900,900,Cannabaceae/Celtis/Celtis_sinensis/KYOw_02870
Cannabaceae,Celtis,Celtis_sinensis,KYOw_04923,15,900,900,Cannabaceae/Celtis/Celtis_sinensis/KYOw_04923
Cannabaceae,Celtis,Celtis_sinensis,KYOw_05543,15,900,900,Cannabaceae/Celtis/Celtis_sinensis/KYOw_05543
Cannabaceae,Celtis,Celtis_sinensis,KYOw_05671,15,900,900,Cannabaceae/Celtis/Celtis_sinensis/KYOw_05671
Cannabaceae,Celtis,Celtis_sinensis,KYOw_13932,18,900,900,Cannabaceae/Celtis/Celtis_sinensis/KYOw_13932
Cannabaceae,Celtis,Celtis_sinensis,KYOw_18983,15,900,900,Cannabaceae/Celtis/Celtis_sinensis/KYOw_18983
Cannabaceae,Celtis,Celtis_sinensis,prep_10791,13,900,900,Cannabaceae/Celtis/Celtis_sinensis/prep_10791
Cannabaceae,Trema,Trema_orientalis,KYOw_05006,5,900,900,Cannabaceae/Trema/Trema_orientalis/KYOw_05006
Cannabaceae,Trema,Trema_orientalis,KYOw_08573,14,900,900,Cannabaceae/Trema/Trema_orientalis/KYOw_08573
Cannabaceae,Trema,Trema_orientalis,KYOw_13887,21,900,900,Cannabaceae/Trema/Trema_orientalis/KYOw_13887
Cannabaceae,Trema,Trema_orientalis,KYOw_14316,15,900,900,Cannabaceae/Trema/Trema_orientalis/KYOw_14316
Fagaceae,Castanea,Castanea_crenata,KYOw_10246,17,900,900,Fagaceae/Castanea/Castanea_crenata/KYOw_10246
Fagaceae,Castanea,Castanea_crenata,KYOw_10293,14,900,900,Fagaceae/Castanea/Castanea_crenata/KYOw_10293
Fagaceae,Castanea,Castanea_crenata,KYOw_10294,11,900,900,Fagaceae/Castanea/Castanea_crenata/KYOw_10294
Fagaceae,Castanea,Castanea_crenata,KYOw_11154,10,900,900,Fagaceae/Castanea/Castanea_crenata/KYOw_11154
Fagaceae,Castanea,Castanea_crenata,KYOw_12944,11,900,900,Fagaceae/Castanea/Castanea_crenata/KYOw_12944
Fagaceae,Castanea,Castanea_crenata,KYOw_13755,7,900,900,Fagaceae/Castanea/Castanea_crenata/KYOw_13755
Fagaceae,Castanea,Castanea_crenata,KYOw_13760,8,900,900,Fagaceae/Castanea/Castanea_crenata/KYOw_13760
Fagaceae,Castanea,Castanea_crenata,KYOw_13830,14,900,900,Fagaceae/Castanea/Castanea_crenata/KYOw_13830
Fagaceae,Castanea,Castanea_crenata,prep_09586,12,900,900,Fagaceae/Castanea/Castanea_crenata/prep_09586
Fagaceae,Castanea,Castanea_crenata,prep_10046,12,900,900,Fagaceae/Castanea/Castanea_crenata/prep_10046
Fagaceae,Castanea,Castanea_crenata,prep_10510,22,900,900,Fagaceae/Castanea/Castanea_crenata/prep_10510
Fagaceae,Castanea,Castanea_crenata,prep_10520,9,900,900,Fagaceae/Castanea/Castanea_crenata/prep_10520
Fagaceae,Castanea,Castanea_crenata,prep_10855,18,900,900,Fagaceae/Castanea/Castanea_crenata/prep_10855
Fagaceae,Castanea,Castanea_crenata,prep_11132,12,900,900,Fagaceae/Castanea/Castanea_crenata/prep_11132
Fagaceae,Castanopsis,Castanopsis_cuspidata,KYOw_02829,7,900,900,Fagaceae/Castanopsis/Castanopsis_cuspidata/KYOw_02829
Fagaceae,Castanopsis,Castanopsis_cuspidata,KYOw_09285,13,900,900,Fagaceae/Castanopsis/Castanopsis_cuspidata/KYOw_09285
Fagaceae,Castanopsis,Castanopsis_cuspidata,KYOw_10078,12,900,900,Fagaceae/Castanopsis/Castanopsis_cuspidata/KYOw_10078
Fagaceae,Castanopsis,Castanopsis_cuspidata,KYOw_10155,10,900,900,Fagaceae/Castanopsis/Castanopsis_cuspidata/KYOw_10155
Fagaceae,Castanopsis,Castanopsis_cuspidata,KYOw_10156,11,900,900,Fagaceae/Castanopsis/Castanopsis_cuspidata/KYOw_10156
Fagaceae,Castanopsis,Castanopsis_cuspidata,KYOw_11159,11,900,900,Fagaceae/Castanopsis/Castanopsis_cuspidata/KYOw_11159
Fagaceae,Castanopsis,Castanopsis_cuspidata,KYOw_11160,15,900,900,Fagaceae/Castanopsis/Castanopsis_cuspidata/KYOw_11160
Fagaceae,Castanopsis,Castanopsis_cuspidata,KYOw_14461,15,900,900,Fagaceae/Castanopsis/Castanopsis_cuspidata/KYOw_14461
Fagaceae,Castanopsis,Castanopsis_cuspidata,KYOw_14609,18,900,900,Fagaceae/Castanopsis/Castanopsis_cuspidata/KYOw_14609
Fagaceae,Castanopsis,Castanopsis_cuspidata,KYOw_17790,28,900,900,Fagaceae/Castanopsis/Castanopsis_cuspidata/KYOw_17790
Fagaceae,Castanopsis,Castanopsis_cuspidata,prep_10107,8,900,900,Fagaceae/Castanopsis/Castanopsis_cuspidata/prep_10107
Fagaceae,Castanopsis,Castanopsis_sieboldii,KYOw_02865,11,900,900,Fagaceae/Castanopsis/Castanopsis_sieboldii/KYOw_02865
Fagaceae,Castanopsis,Castanopsis_sieboldii,KYOw_02954,13,900,900,Fagaceae/Castanopsis/Castanopsis_sieboldii/KYOw_02954
Fagaceae,Castanopsis,Castanopsis_sieboldii,KYOw_05530,13,900,900,Fagaceae/Castanopsis/Castanopsis_sieboldii/KYOw_05530
Fagaceae,Castanopsis,Castanopsis_sieboldii,KYOw_05658,14,900,900,Fagaceae/Castanopsis/Castanopsis_sieboldii/KYOw_05658
Fagaceae,Castanopsis,Castanopsis_sieboldii,KYOw_08293,14,900,900,Fagaceae/Castanopsis/Castanopsis_sieboldii/KYOw_08293
Fagaceae,Castanopsis,Castanopsis_sieboldii,KYOw_09286,16,900,900,Fagaceae/Castanopsis/Castanopsis_sieboldii/KYOw_09286
Fagaceae,Castanopsis,Castanopsis_sieboldii,KYOw_14334,12,900,900,Fagaceae/Castanopsis/Castanopsis_sieboldii/KYOw_14334
Fagaceae,Castanopsis,Castanopsis_sieboldii,KYOw_14766,18,900,900,Fagaceae/Castanopsis/Castanopsis_sieboldii/KYOw_14766
Fagaceae,Castanopsis,Castanopsis_sieboldii,KYOw_14830,13,900,900,Fagaceae/Castanopsis/Castanopsis_sieboldii/KYOw_14830
Fagaceae,Castanopsis,Castanopsis_sieboldii,KYOw_19481,15,900,900,Fagaceae/Castanopsis/Castanopsis_sieboldii/KYOw_19481
Fagaceae,Castanopsis,Castanopsis_sieboldii,prep_11130,11,900,900,Fagaceae/Castanopsis/Castanopsis_sieboldii/prep_11130
Fagaceae,Fagus,Fagus_crenata,KYOw_00458,32,900,900,Fagaceae/Fagus/Fagus_crenata/KYOw_00458
Fagaceae,Fagus,Fagus_crenata,KYOw_00972,14,900,900,Fagaceae/Fagus/Fagus_crenata/KYOw_00972
Fagaceae,Fagus,Fagus_crenata,KYOw_01116,20,900,900,Fagaceae/Fagus/Fagus_crenata/KYOw_01116
Fagaceae,Fagus,Fagus_crenata,KYOw_01294,20,900,900,Fagaceae/Fagus/Fagus_crenata/KYOw_01294
Fagaceae,Fagus,Fagus_crenata,KYOw_08305,26,900,900,Fagaceae/Fagus/Fagus_crenata/KYOw_08305
Fagaceae,Fagus,Fagus_crenata,KYOw_09534,18,900,900,Fagaceae/Fagus/Fagus_crenata/KYOw_09534
Fagaceae,Fagus,Fagus_crenata,KYOw_10243,18,900,900,Fagaceae/Fagus/Fagus_crenata/KYOw_10243
Fagaceae,Fagus,Fagus_crenata,KYOw_13598,23,900,900,Fagaceae/Fagus/Fagus_crenata/KYOw_13598
Fagaceae,Fagus,Fagus_crenata,KYOw_13832,24,900,900,Fagaceae/Fagus/Fagus_crenata/KYOw_13832
Fagaceae,Fagus,Fagus_crenata,prep_09620,2,900,900,Fagaceae/Fagus/Fagus_crenata/prep_09620
Fagaceae,Fagus,Fagus_crenata,prep_10478,10,900,900,Fagaceae/Fagus/Fagus_crenata/prep_10478
Fagaceae,Fagus,Fagus_crenata,prep_10600,6,900,900,Fagaceae/Fagus/Fagus_crenata/prep_10600
Fagaceae,Fagus,Fagus_crenata,prep_10876,12,900,900,Fagaceae/Fagus/Fagus_crenata/prep_10876
Fagaceae,Fagus,Fagus_japonica,KYOw_00354,17,900,900,Fagaceae/Fagus/Fagus_japonica/KYOw_00354
Fagaceae,Fagus,Fagus_japonica,KYOw_01613,20,900,900,Fagaceae/Fagus/Fagus_japonica/KYOw_01613
Fagaceae,Fagus,Fagus_japonica,KYOw_05368,15,900,900,Fagaceae/Fagus/Fagus_japonica/KYOw_05368
Fagaceae,Fagus,Fagus_japonica,KYOw_08306,17,900,900,Fagaceae/Fagus/Fagus_japonica/KYOw_08306
Fagaceae,Fagus,Fagus_japonica,KYOw_08308,19,900,900,Fagaceae/Fagus/Fagus_japonica/KYOw_08308
Fagaceae,Fagus,Fagus_japonica,KYOw_13836,20,900,900,Fagaceae/Fagus/Fagus_japonica/KYOw_13836
Fagaceae,Fagus,Fagus_japonica,KYOw_13955,18,900,900,Fagaceae/Fagus/Fagus_japonica/KYOw_13955
Fagaceae,Fagus,Fagus_japonica,KYOw_17510,14,900,900,Fagaceae/Fagus/Fagus_japonica/KYOw_17510
Fagaceae,Fagus,Fagus_japonica,KYOw_18594,16,900,900,Fagaceae/Fagus/Fagus_japonica/KYOw_18594
Fagaceae,Fagus,Fagus_japonica,prep_10888,24,900,900,Fagaceae/Fagus/Fagus_japonica/prep_10888
Fagaceae,Lithocarpus,Lithocarpus_edulis,KYOw_00884,16,900,900,Fagaceae/Lithocarpus/Lithocarpus_edulis/KYOw_00884
Fagaceae,Lithocarpus,Lithocarpus_edulis,KYOw_05532,10,900,900,Fagaceae/Lithocarpus/Lithocarpus_edulis/KYOw_05532
Fagaceae,Lithocarpus,Lithocarpus_edulis,KYOw_05660,7,900,900,Fagaceae/Lithocarpus/Lithocarpus_edulis/KYOw_05660
Fagaceae,Lithocarpus,Lithocarpus_edulis,KYOw_06467,2,900,900,Fagaceae/Lithocarpus/Lithocarpus_edulis/KYOw_06467
Fagaceae,Lithocarpus,Lithocarpus_edulis,KYOw_08311,20,900,900,Fagaceae/Lithocarpus/Lithocarpus_edulis/KYOw_08311
Fagaceae,Lithocarpus,Lithocarpus_edulis,KYOw_10079,10,900,900,Fagaceae/Lithocarpus/Lithocarpus_edulis/KYOw_10079
Fagaceae,Lithocarpus,Lithocarpus_edulis,KYOw_14585,2,900,900,Fagaceae/Lithocarpus/Lithocarpus_edulis/KYOw_14585
Fagaceae,Lithocarpus,Lithocarpus_edulis,KYOw_15811,15,900,900,Fagaceae/Lithocarpus/Lithocarpus_edulis/KYOw_15811
Fagaceae,Lithocarpus,Lithocarpus_edulis,KYOw_16562,17,900,900,Fagaceae/Lithocarpus/Lithocarpus_edulis/KYOw_16562
Fagaceae,Lithocarpus,Lithocarpus_glaber,KYOw_18277,24,900,900,Fagaceae/Lithocarpus/Lithocarpus_glaber/KYOw_18277
Fagaceae,Lithocarpus,Lithocarpus_glaber,KYOw_18324,22,900,900,Fagaceae/Lithocarpus/Lithocarpus_glaber/KYOw_18324
Fagaceae,Lithocarpus,Lithocarpus_glaber,KYOw_18839,13,900,900,Fagaceae/Lithocarpus/Lithocarpus_glaber/KYOw_18839
Fagaceae,Quercus,Quercus_acuta,KYOw_00342,16,900,900,Fagaceae/Quercus/Quercus_acuta/KYOw_00342
Fagaceae,Quercus,Quercus_acuta,KYOw_01615,6,900,900,Fagaceae/Quercus/Quercus_acuta/KYOw_01615
Fagaceae,Quercus,Quercus_acuta,KYOw_02867,12,900,900,Fagaceae/Quercus/Quercus_acuta/KYOw_02867
Fagaceae,Quercus,Quercus_acuta,KYOw_02957,12,900,900,Fagaceae/Quercus/Quercus_acuta/KYOw_02957
Fagaceae,Quercus,Quercus_acuta,KYOw_04920,14,900,900,Fagaceae/Quercus/Quercus_acuta/KYOw_04920
Fagaceae,Quercus,Quercus_acuta,KYOw_09277,12,900,900,Fagaceae/Quercus/Quercus_acuta/KYOw_09277
Fagaceae,Quercus,Quercus_acuta,KYOw_13837,15,900,900,Fagaceae/Quercus/Quercus_acuta/KYOw_13837
Fagaceae,Quercus,Quercus_acuta,KYOw_14477,14,900,900,Fagaceae/Quercus/Quercus_acuta/KYOw_14477
Fagaceae,Quercus,Quercus_acuta,KYOw_14679,14,900,900,Fagaceae/Quercus/Quercus_acuta/KYOw_14679
Fagaceae,Quercus,Quercus_acuta,prep_09991,3,900,900,Fagaceae/Quercus/Quercus_acuta/prep_09991
Fagaceae,Quercus,Quercus_acuta,prep_10069,6,900,900,Fagaceae/Quercus/Quercus_acuta/prep_10069
Fagaceae,Quercus,Quercus_acuta,prep_10660,7,900,900,Fagaceae/Quercus/Quercus_acuta/prep_10660
Fagaceae,Quercus,Quercus_acuta,prep_11143,12,900,900,Fagaceae/Quercus/Quercus_acuta/prep_11143
Fagaceae,Quercus,Quercus_acutissima,KYOw_00060,11,900,900,Fagaceae/Quercus/Quercus_acutissima/KYOw_00060
Fagaceae,Quercus,Quercus_acutissima,KYOw_01120,21,900,900,Fagaceae/Quercus/Quercus_acutissima/KYOw_01120
Fagaceae,Quercus,Quercus_acutissima,KYOw_01617,14,900,900,Fagaceae/Quercus/Quercus_acutissima/KYOw_01617
Fagaceae,Quercus,Quercus_acutissima,KYOw_05540,9,900,900,Fagaceae/Quercus/Quercus_acutissima/KYOw_05540
Fagaceae,Quercus,Quercus_acutissima,KYOw_05668,14,900,900,Fagaceae/Quercus/Quercus_acutissima/KYOw_05668
Fagaceae,Quercus,Quercus_acutissima,KYOw_08314,9,900,900,Fagaceae/Quercus/Quercus_acutissima/KYOw_08314
Fagaceae,Quercus,Quercus_acutissima,KYOw_08315,18,900,900,Fagaceae/Quercus/Quercus_acutissima/KYOw_08315
Fagaceae,Quercus,Quercus_acutissima,KYOw_15352,7,900,900,Fagaceae/Quercus/Quercus_acutissima/KYOw_15352
Fagaceae,Quercus,Quercus_acutissima,KYOw_17763,6,900,900,Fagaceae/Quercus/Quercus_acutissima/KYOw_17763
Fagaceae,Quercus,Quercus_crispula,KYOw_00062,18,900,900,Fagaceae/Quercus/Quercus_crispula/KYOw_00062
Fagaceae,Quercus,Quercus_crispula,KYOw_00411,28,900,900,Fagaceae/Quercus/Quercus_crispula/KYOw_00411
Fagaceae,Quercus,Quercus_crispula,KYOw_00462,15,900,900,Fagaceae/Quercus/Quercus_crispula/KYOw_00462
Fagaceae,Quercus,Quercus_crispula,KYOw_02963,15,900,900,Fagaceae/Quercus/Quercus_crispula/KYOw_02963
Fagaceae,Quercus,Quercus_crispula,KYOw_08203,18,900,900,Fagaceae/Quercus/Quercus_crispula/KYOw_08203
Fagaceae,Quercus,Quercus_crispula,KYOw_08320,20,900,900,Fagaceae/Quercus/Quercus_crispula/KYOw_08320
Fagaceae,Quercus,Quercus_crispula,KYOw_10297,20,900,900,Fagaceae/Quercus/Quercus_crispula/KYOw_10297
Fagaceae,Quercus,Quercus_crispula,KYOw_11421,20,900,900,Fagaceae/Quercus/Quercus_crispula/KYOw_11421
Fagaceae,Quercus,Quercus_crispula,KYOw_13841,20,900,900,Fagaceae/Quercus/Quercus_crispula/KYOw_13841
Fagaceae,Quercus,Quercus_crispula,KYOw_13953,19,900,900,Fagaceae/Quercus/Quercus_crispula/KYOw_13953
Fagaceae,Quercus,Quercus_crispula,prep_10065,8,900,900,Fagaceae/Quercus/Quercus_crispula/prep_10065
Fagaceae,Quercus,Quercus_crispula,prep_10443,13,900,900,Fagaceae/Quercus/Quercus_crispula/prep_10443
Fagaceae,Quercus,Quercus_crispula,prep_10502,13,900,900,Fagaceae/Quercus/Quercus_crispula/prep_10502
Fagaceae,Quercus,Quercus_crispula,prep_10523,18,900,900,Fagaceae/Quercus/Quercus_crispula/prep_10523
Fagaceae,Quercus,Quercus_crispula,prep_10875,21,900,900,Fagaceae/Quercus/Quercus_crispula/prep_10875
Fagaceae,Quercus,Quercus_dentata,KYOw_05541,9,900,900,Fagaceae/Quercus/Quercus_dentata/KYOw_05541
Fagaceae,Quercus,Quercus_dentata,KYOw_05669,10,900,900,Fagaceae/Quercus/Quercus_dentata/KYOw_05669
Fagaceae,Quercus,Quercus_dentata,KYOw_08316,13,900,900,Fagaceae/Quercus/Quercus_dentata/KYOw_08316
Fagaceae,Quercus,Quercus_dentata,KYOw_15349,7,900,900,Fagaceae/Quercus/Quercus_dentata/KYOw_15349
Fagaceae,Quercus,Quercus_gilva,KYOw_02958,8,900,900,Fagaceae/Quercus/Quercus_gilva/KYOw_02958
Fagaceae,Quercus,Quercus_gilva,KYOw_04973,6,900,900,Fagaceae/Quercus/Quercus_gilva/KYOw_04973
Fagaceae,Quercus,Quercus_gilva,KYOw_05535,12,900,900,Fagaceae/Quercus/Quercus_gilva/KYOw_05535
Fagaceae,Quercus,Quercus_gilva,KYOw_05663,20,900,900,Fagaceae/Quercus/Quercus_gilva/KYOw_05663
Fagaceae,Quercus,Quercus_gilva,KYOw_08317,15,900,900,Fagaceae/Quercus/Quercus_gilva/KYOw_08317
Fagaceae,Quercus,Quercus_gilva,KYOw_09279,8,900,900,Fagaceae/Quercus/Quercus_gilva/KYOw_09279
Fagaceae,Quercus,Quercus_gilva,KYOw_11593,9,900,900,Fagaceae/Quercus/Quercus_gilva/KYOw_11593
Fagaceae,Quercus,Quercus_gilva,KYOw_13839,16,900,900,Fagaceae/Quercus/Quercus_gilva/KYOw_13839
Fagaceae,Quercus,Quercus_gilva,KYOw_14829,15,900,900,Fagaceae/Quercus/Quercus_gilva/KYOw_14829
Fagaceae,Quercus,Quercus_glauca,KYOw_05536,14,900,900,Fagaceae/Quercus/Quercus_glauca/KYOw_05536
Fagaceae,Quercus,Quercus_glauca,KYOw_05664,12,900,900,Fagaceae/Quercus/Quercus_glauca/KYOw_05664
Fagaceae,Quercus,Quercus_glauca,KYOw_09280,6,900,900,Fagaceae/Quercus/Quercus_glauca/KYOw_09280
Fagaceae,Quercus,Quercus_glauca,KYOw_12846,13,900,900,Fagaceae/Quercus/Quercus_glauca/KYOw_12846
Fagaceae,Quercus,Quercus_glauca,KYOw_12847,10,900,900,Fagaceae/Quercus/Quercus_glauca/KYOw_12847
Fagaceae,Quercus,Quercus_glauca,KYOw_12942,13,900,900,Fagaceae/Quercus/Quercus_glauca/KYOw_12942
Fagaceae,Quercus,Quercus_glauca,KYOw_13743,25,900,900,Fagaceae/Quercus/Quercus_glauca/KYOw_13743
Fagaceae,Quercus,Quercus_glauca,KYOw_15619,9,900,900,Fagaceae/Quercus/Quercus_glauca/KYOw_15619
Fagaceae,Quercus,Quercus_glauca,KYOw_17789,6,900,900,Fagaceae/Quercus/Quercus_glauca/KYOw_17789
Fagaceae,Quercus,Quercus_glauca,KYOw_20321,4,900,900,Fagaceae/Quercus/Quercus_glauca/KYOw_20321
Fagaceae,Quercus,Quercus_glauca,prep_10036,11,900,900,Fagaceae/Quercus/Quercus_glauca/prep_10036
Fagaceae,Quercus,Quercus_glauca,prep_11168,9,900,900,Fagaceae/Quercus/Quercus_glauca/prep_11168
Fagaceae,Quercus,Quercus_myrsinifolia,KYOw_01616,17,900,900,Fagaceae/Quercus/Quercus_myrsinifolia/KYOw_01616
Fagaceae,Quercus,Quercus_myrsinifolia,KYOw_05538,14,900,900,Fagaceae/Quercus/Quercus_myrsinifolia/KYOw_05538
Fagaceae,Quercus,Quercus_myrsinifolia,KYOw_05666,23,900,900,Fagaceae/Quercus/Quercus_myrsinifolia/KYOw_05666
Fagaceae,Quercus,Quercus_myrsinifolia,KYOw_08296,9,900,900,Fagaceae/Quercus/Quercus_myrsinifolia/KYOw_08296
Fagaceae,Quercus,Quercus_myrsinifolia,KYOw_08297,21,900,900,Fagaceae/Quercus/Quercus_myrsinifolia/KYOw_08297
Fagaceae,Quercus,Quercus_myrsinifolia,KYOw_08323,17,900,900,Fagaceae/Quercus/Quercus_myrsinifolia/KYOw_08323
Fagaceae,Quercus,Quercus_myrsinifolia,KYOw_10331,18,900,900,Fagaceae/Quercus/Quercus_myrsinifolia/KYOw_10331
Fagaceae,Quercus,Quercus_myrsinifolia,KYOw_13753,19,900,900,Fagaceae/Quercus/Quercus_myrsinifolia/KYOw_13753
Fagaceae,Quercus,Quercus_myrsinifolia,KYOw_13758,12,900,900,Fagaceae/Quercus/Quercus_myrsinifolia/KYOw_13758
Fagaceae,Quercus,Quercus_myrsinifolia,KYOw_13759,18,900,900,Fagaceae/Quercus/Quercus_myrsinifolia/KYOw_13759
Fagaceae,Quercus,Quercus_phillyreoides,KYOw_05539,4,900,900,Fagaceae/Quercus/Quercus_phillyreoides/KYOw_05539
Fagaceae,Quercus,Quercus_phillyreoides,KYOw_08326,18,900,900,Fagaceae/Quercus/Quercus_phillyreoides/KYOw_08326
Fagaceae,Quercus,Quercus_phillyreoides,KYOw_08327,13,900,900,Fagaceae/Quercus/Quercus_phillyreoides/KYOw_08327
Fagaceae,Quercus,Quercus_phillyreoides,KYOw_09282,3,900,900,Fagaceae/Quercus/Quercus_phillyreoides/KYOw_09282
Fagaceae,Quercus,Quercus_phillyreoides,KYOw_13792,3,900,900,Fagaceae/Quercus/Quercus_phillyreoides/KYOw_13792
Fagaceae,Quercus,Quercus_phillyreoides,KYOw_14611,5,900,900,Fagaceae/Quercus/Quercus_phillyreoides/KYOw_14611
Fagaceae,Quercus,Quercus_phillyreoides,KYOw_16925,10,900,900,Fagaceae/Quercus/Quercus_phillyreoides/KYOw_16925
Fagaceae,Quercus,Quercus_phillyreoides,KYOw_16978,3,900,900,Fagaceae/Quercus/Quercus_phillyreoides/KYOw_16978
Fagaceae,Quercus,Quercus_phillyreoides,KYOw_18168,15,900,900,Fagaceae/Quercus/Quercus_phillyreoides/KYOw_18168
Fagaceae,Quercus,Quercus_phillyreoides,prep_10047,10,900,900,Fagaceae/Quercus/Quercus_phillyreoides/prep_10047
Fagaceae,Quercus,Quercus_phillyreoides,prep_10100,3,900,900,Fagaceae/Quercus/Quercus_phillyreoides/prep_10100
Fagaceae,Quercus,Quercus_salicina,KYOw_00432,23,900,900,Fagaceae/Quercus/Quercus_salicina/KYOw_00432
Fagaceae,Quercus,Quercus_salicina,KYOw_05537,12,900,900,Fagaceae/Quercus/Quercus_salicina/KYOw_05537
Fagaceae,Quercus,Quercus_salicina,KYOw_05665,25,900,900,Fagaceae/Quercus/Quercus_salicina/KYOw_05665
Fagaceae,Quercus,Quercus_salicina,KYOw_07494,23,900,900,Fagaceae/Quercus/Quercus_salicina/KYOw_07494
Fagaceae,Quercus,Quercus_salicina,KYOw_09538,15,900,900,Fagaceae/Quercus/Quercus_salicina/KYOw_09538
Fagaceae,Quercus,Quercus_salicina,KYOw_10329,15,900,900,Fagaceae/Quercus/Quercus_salicina/KYOw_10329
Fagaceae,Quercus,Quercus_salicina,KYOw_10330,12,900,900,Fagaceae/Quercus/Quercus_salicina/KYOw_10330
Fagaceae,Quercus,Quercus_salicina,KYOw_14694,14,900,900,Fagaceae/Quercus/Quercus_salicina/KYOw_14694
Fagaceae,Quercus,Quercus_salicina,KYOw_15575,12,900,900,Fagaceae/Quercus/Quercus_salicina/KYOw_15575
Fagaceae,Quercus,Quercus_salicina,KYOw_18115,21,900,900,Fagaceae/Quercus/Quercus_salicina/KYOw_18115
Fagaceae,Quercus,Quercus_salicina,prep_09947,1,900,900,Fagaceae/Quercus/Quercus_salicina/prep_09947
Fagaceae,Quercus,Quercus_salicina,prep_10995,8,900,900,Fagaceae/Quercus/Quercus_salicina/prep_10995
Fagaceae,Quercus,Quercus_salicina,prep_11146,7,900,900,Fagaceae/Quercus/Quercus_salicina/prep_11146
Fagaceae,Quercus,Quercus_serrata,KYOw_00447,14,900,900,Fagaceae/Quercus/Quercus_serrata/KYOw_00447
Fagaceae,Quercus,Quercus_serrata,KYOw_05542,9,900,900,Fagaceae/Quercus/Quercus_serrata/KYOw_05542
Fagaceae,Quercus,Quercus_serrata,KYOw_05670,9,900,900,Fagaceae/Quercus/Quercus_serrata/KYOw_05670
Fagaceae,Quercus,Quercus_serrata,KYOw_10327,9,900,900,Fagaceae/Quercus/Quercus_serrata/KYOw_10327
Fagaceae,Quercus,Quercus_serrata,KYOw_13842,14,900,900,Fagaceae/Quercus/Quercus_serrata/KYOw_13842
Fagaceae,Quercus,Quercus_serrata,KYOw_14356,15,900,900,Fagaceae/Quercus/Quercus_serrata/KYOw_14356
Fagaceae,Quercus,Quercus_serrata,KYOw_17523,13,900,900,Fagaceae/Quercus/Quercus_serrata/KYOw_17523
Fagaceae,Quercus,Quercus_serrata,KYOw_18606,9,900,900,Fagaceae/Quercus/Quercus_serrata/KYOw_18606
Fagaceae,Quercus,Quercus_serrata,prep_10019,7,900,900,Fagaceae/Quercus/Quercus_serrata/prep_10019
Fagaceae,Quercus,Quercus_serrata,prep_10031,8,900,900,Fagaceae/Quercus/Quercus_serrata/prep_10031
Fagaceae,Quercus,Quercus_serrata,prep_10646,9,900,900,Fagaceae/Quercus/Quercus_serrata/prep_10646
Fagaceae,Quercus,Quercus_variabilis,KYOw_01620,13,900,900,Fagaceae/Quercus/Quercus_variabilis/KYOw_01620
Fagaceae,Quercus,Quercus_variabilis,KYOw_06576,4,900,900,Fagaceae/Quercus/Quercus_variabilis/KYOw_06576
Fagaceae,Quercus,Quercus_variabilis,KYOw_08332,9,900,900,Fagaceae/Quercus/Quercus_variabilis/KYOw_08332
Fagaceae,Quercus,Quercus_variabilis,KYOw_08333,7,900,900,Fagaceae/Quercus/Quercus_variabilis/KYOw_08333
Fagaceae,Quercus,Quercus_variabilis,KYOw_10326,5,900,900,Fagaceae/Quercus/Quercus_variabilis/KYOw_10326
Fagaceae,Quercus,Quercus_variabilis,KYOw_14129,6,900,900,Fagaceae/Quercus/Quercus_variabilis/KYOw_14129
Fagaceae,Quercus,Quercus_variabilis,KYOw_17782,7,900,900,Fagaceae/Quercus/Quercus_variabilis/KYOw_17782
Lauraceae,Actinodaphne,Actinodaphne_acutivena,KYOw_03148,20,900,900,Lauraceae/Actinodaphne/Actinodaphne_acutivena/KYOw_03148
Lauraceae,Actinodaphne,Actinodaphne_forrestii,KYOw_15100,20,900,900,Lauraceae/Actinodaphne/Actinodaphne_forrestii/KYOw_15100
Lauraceae,Actinodaphne,Actinodaphne_mushaensis,KYOw_03134,20,900,900,Lauraceae/Actinodaphne/Actinodaphne_mushaensis/KYOw_03134
Lauraceae,Beilschmiedia,Beilschmiedia_linocieroides,KYOw_15101,20,900,900,Lauraceae/Beilschmiedia/Beilschmiedia_linocieroides/KYOw_15101
Lauraceae,Cinnamomum,Cinnamomum_camphora,KYOw_00088,12,900,900,Lauraceae/Cinnamomum/Cinnamomum_camphora/KYOw_00088
Lauraceae,Cinnamomum,Cinnamomum_camphora,KYOw_00089,10,900,900,Lauraceae/Cinnamomum/Cinnamomum_camphora/KYOw_00089
Lauraceae,Cinnamomum,Cinnamomum_camphora,KYOw_00170,10,900,900,Lauraceae/Cinnamomum/Cinnamomum_camphora/KYOw_00170
Lauraceae,Cinnamomum,Cinnamomum_camphora,KYOw_00776,10,900,900,Lauraceae/Cinnamomum/Cinnamomum_camphora/KYOw_00776
Lauraceae,Cinnamomum,Cinnamomum_camphora,KYOw_02803,10,900,900,Lauraceae/Cinnamomum/Cinnamomum_camphora/KYOw_02803
Lauraceae,Cinnamomum,Cinnamomum_camphora,KYOw_02981,10,900,900,Lauraceae/Cinnamomum/Cinnamomum_camphora/KYOw_02981
Lauraceae,Cinnamomum,Cinnamomum_camphora,KYOw_03237,10,900,900,Lauraceae/Cinnamomum/Cinnamomum_camphora/KYOw_03237
Lauraceae,Cinnamomum,Cinnamomum_camphora,KYOw_04454,10,900,900,Lauraceae/Cinnamomum/Cinnamomum_camphora/KYOw_04454
Lauraceae,Cinnamomum,Cinnamomum_camphora,KYOw_04925,10,900,900,Lauraceae/Cinnamomum/Cinnamomum_camphora/KYOw_04925
Lauraceae,Cinnamomum,Cinnamomum_camphora,KYOw_05553,10,900,900,Lauraceae/Cinnamomum/Cinnamomum_camphora/KYOw_05553
Lauraceae,Cinnamomum,Cinnamomum_camphora,KYOw_05680,10,900,900,Lauraceae/Cinnamomum/Cinnamomum_camphora/KYOw_05680
Lauraceae,Cinnamomum,Cinnamomum_camphora,KYOw_06326,13,900,900,Lauraceae/Cinnamomum/Cinnamomum_camphora/KYOw_06326
Lauraceae,Cinnamomum,Cinnamomum_camphora,KYOw_07755,16,900,900,Lauraceae/Cinnamomum/Cinnamomum_camphora/KYOw_07755
Lauraceae,Cinnamomum,Cinnamomum_camphora,KYOw_07917,10,900,900,Lauraceae/Cinnamomum/Cinnamomum_camphora/KYOw_07917
Lauraceae,Cinnamomum,Cinnamomum_camphora,KYOw_08362,10,900,900,Lauraceae/Cinnamomum/Cinnamomum_camphora/KYOw_08362
Lauraceae,Cinnamomum,Cinnamomum_camphora,KYOw_08363,10,900,900,Lauraceae/Cinnamomum/Cinnamomum_camphora/KYOw_08363
Lauraceae,Cinnamomum,Cinnamomum_camphora,KYOw_12186,10,900,900,Lauraceae/Cinnamomum/Cinnamomum_camphora/KYOw_12186
Lauraceae,Cinnamomum,Cinnamomum_camphora,KYOw_12406,10,900,900,Lauraceae/Cinnamomum/Cinnamomum_camphora/KYOw_12406
Lauraceae,Cinnamomum,Cinnamomum_camphora,KYOw_12542,10,900,900,Lauraceae/Cinnamomum/Cinnamomum_camphora/KYOw_12542
Lauraceae,Cinnamomum,Cinnamomum_camphora,KYOw_13900,10,900,900,Lauraceae/Cinnamomum/Cinnamomum_camphora/KYOw_13900
Lauraceae,Cinnamomum,Cinnamomum_camphora,KYOw_15095,10,900,900,Lauraceae/Cinnamomum/Cinnamomum_camphora/KYOw_15095
Lauraceae,Cinnamomum,Cinnamomum_glanduliferum,KYOw_15102,22,900,900,Lauraceae/Cinnamomum/Cinnamomum_glanduliferum/KYOw_15102
Lauraceae,Cinnamomum,Cinnamomum_longipetiolatum,KYOw_15104,20,900,900,Lauraceae/Cinnamomum/Cinnamomum_longipetiolatum/KYOw_15104
Lauraceae,Cinnamomum,Cinnamomum_micranthum,KYOw_03118,20,900,900,Lauraceae/Cinnamomum/Cinnamomum_micranthum/KYOw_03118
Lauraceae,Cinnamomum,Cinnamomum_porrectum,KYOw_06420,20,900,900,Lauraceae/Cinnamomum/Cinnamomum_porrectum/KYOw_06420
Lauraceae,Cinnamomum,Cinnamomum_tenuipile,KYOw_15105,20,900,900,Lauraceae/Cinnamomum/Cinnamomum_tenuipile/KYOw_15105
Lauraceae,Cinnamomum,Cinnamomum_yabunikkei,KYOw_00090,10,900,900,Lauraceae/Cinnamomum/Cinnamomum_yabunikkei/KYOw_00090
Lauraceae,Cinnamomum,Cinnamomum_yabunikkei,KYOw_00894,10,900,900,Lauraceae/Cinnamomum/Cinnamomum_yabunikkei/KYOw_00894
Lauraceae,Cinnamomum,Cinnamomum_yabunikkei,KYOw_02877,10,900,900,Lauraceae/Cinnamomum/Cinnamomum_yabunikkei/KYOw_02877
Lauraceae,Cinnamomum,Cinnamomum_yabunikkei,KYOw_05681,10,900,900,Lauraceae/Cinnamomum/Cinnamomum_yabunikkei/KYOw_05681
Lauraceae,Cinnamomum,Cinnamomum_yabunikkei,KYOw_06327,15,900,900,Lauraceae/Cinnamomum/Cinnamomum_yabunikkei/KYOw_06327
Lauraceae,Cinnamomum,Cinnamomum_yabunikkei,KYOw_10571,10,900,900,Lauraceae/Cinnamomum/Cinnamomum_yabunikkei/KYOw_10571
Lauraceae,Cinnamomum,Cinnamomum_yabunikkei,KYOw_12103,10,900,900,Lauraceae/Cinnamomum/Cinnamomum_yabunikkei/KYOw_12103
Lauraceae,Cinnamomum,Cinnamomum_yabunikkei,KYOw_13619,10,900,900,Lauraceae/Cinnamomum/Cinnamomum_yabunikkei/KYOw_13619
Lauraceae,Cinnamomum,Cinnamomum_yabunikkei,KYOw_13907,10,900,900,Lauraceae/Cinnamomum/Cinnamomum_yabunikkei/KYOw_13907
Lauraceae,Cinnamomum,Cinnamomum_yabunikkei,KYOw_14592,10,900,900,Lauraceae/Cinnamomum/Cinnamomum_yabunikkei/KYOw_14592
Lauraceae,Cinnamomum,Cinnamomum_yabunikkei,KYOw_14771,10,900,900,Lauraceae/Cinnamomum/Cinnamomum_yabunikkei/KYOw_14771
Lauraceae,Cinnamomum,Cinnamomum_yabunikkei,KYOw_15103,13,900,900,Lauraceae/Cinnamomum/Cinnamomum_yabunikkei/KYOw_15103
Lauraceae,Cinnamomum,Cinnamomum_yabunikkei,KYOw_15422,10,900,900,Lauraceae/Cinnamomum/Cinnamomum_yabunikkei/KYOw_15422
Lauraceae,Cinnamomum,Cinnamomum_yabunikkei,KYOw_15950,10,900,900,Lauraceae/Cinnamomum/Cinnamomum_yabunikkei/KYOw_15950
Lauraceae,Cinnamomum,Cinnamomum_yabunikkei,KYOw_16154,10,900,900,Lauraceae/Cinnamomum/Cinnamomum_yabunikkei/KYOw_16154
Lauraceae,Cryptocarya,Cryptocarya_chinensis,KYOw_03117,20,900,900,Lauraceae/Cryptocarya/Cryptocarya_chinensis/KYOw_03117
Lauraceae,Laurus,Laurus_nobilis,KYOw_05555,5,900,900,Lauraceae/Laurus/Laurus_nobilis/KYOw_05555
Lauraceae,Laurus,Laurus_nobilis,KYOw_05682,6,900,900,Lauraceae/Laurus/Laurus_nobilis/KYOw_05682
Lauraceae,Laurus,Laurus_nobilis,KYOw_12322,9,900,900,Lauraceae/Laurus/Laurus_nobilis/KYOw_12322
Lauraceae,Lindera,Lindera_communis,KYOw_15106,20,900,900,Lauraceae/Lindera/Lindera_communis/KYOw_15106
Lauraceae,Lindera,Lindera_glauca,KYOw_04486,10,900,900,Lauraceae/Lindera/Lindera_glauca/KYOw_04486
Lauraceae,Lindera,Lindera_glauca,KYOw_17633,10,900,900,Lauraceae/Lindera/Lindera_glauca/KYOw_17633
Lauraceae,Lindera,Lindera_glauca,KYOw_18208,10,900,900,Lauraceae/Lindera/Lindera_glauca/KYOw_18208
Lauraceae,Lindera,Lindera_thomsonii,KYOw_15107,20,900,900,Lauraceae/Lindera/Lindera_thomsonii/KYOw_15107
Lauraceae,Lindera,Lindera_umbellata,KYOw_01398,10,900,900,Lauraceae/Lindera/Lindera_umbellata/KYOw_01398
Lauraceae,Lindera,Lindera_umbellata,KYOw_05556,10,900,900,Lauraceae/Lindera/Lindera_umbellata/KYOw_05556
Lauraceae,Lindera,Lindera_umbellata,KYOw_05683,10,900,900,Lauraceae/Lindera/Lindera_umbellata/KYOw_05683
Lauraceae,Lindera,Lindera_umbellata,KYOw_13032,10,900,900,Lauraceae/Lindera/Lindera_umbellata/KYOw_13032
Lauraceae,Lindera,Lindera_umbellata,KYOw_13692,10,900,900,Lauraceae/Lindera/Lindera_umbellata/KYOw_13692
Lauraceae,Lindera,Lindera_umbellata,KYOw_14809,10,900,900,Lauraceae/Lindera/Lindera_umbellata/KYOw_14809
Lauraceae,Lindera,Lindera_umbellata,KYOw_16782,10,900,900,Lauraceae/Lindera/Lindera_umbellata/KYOw_16782
Lauraceae,Lindera,Lindera_umbellata,KYOw_16832,10,900,900,Lauraceae/Lindera/Lindera_umbellata/KYOw_16832
Lauraceae,Lindera,Lindera_umbellata,KYOw_17360,10,900,900,Lauraceae/Lindera/Lindera_umbellata/KYOw_17360
Lauraceae,Lindera,Lindera_umbellata,KYOw_17659,10,900,900,Lauraceae/Lindera/Lindera_umbellata/KYOw_17659
Lauraceae,Litsea,Litsea_coreana,KYOw_00086,10,900,900,Lauraceae/Litsea/Litsea_coreana/KYOw_00086
Lauraceae,Litsea,Litsea_coreana,KYOw_01050,10,900,900,Lauraceae/Litsea/Litsea_coreana/KYOw_01050
Lauraceae,Litsea,Litsea_coreana,KYOw_01396,10,900,900,Lauraceae/Litsea/Litsea_coreana/KYOw_01396
Lauraceae,Litsea,Litsea_coreana,KYOw_02813,10,900,900,Lauraceae/Litsea/Litsea_coreana/KYOw_02813
Lauraceae,Litsea,Litsea_coreana,KYOw_02980,10,900,900,Lauraceae/Litsea/Litsea_coreana/KYOw_02980
Lauraceae,Litsea,Litsea_coreana,KYOw_04950,10,900,900,Lauraceae/Litsea/Litsea_coreana/KYOw_04950
Lauraceae,Litsea,Litsea_coreana,KYOw_05551,10,900,900,Lauraceae/Litsea/Litsea_coreana/KYOw_05551
Lauraceae,Litsea,Litsea_coreana,KYOw_05678,10,900,900,Lauraceae/Litsea/Litsea_coreana/KYOw_05678
Lauraceae,Litsea,Litsea_coreana,KYOw_08358,10,900,900,Lauraceae/Litsea/Litsea_coreana/KYOw_08358
Lauraceae,Litsea,Litsea_coreana,KYOw_09295,10,900,900,Lauraceae/Litsea/Litsea_coreana/KYOw_09295
Lauraceae,Litsea,Litsea_coreana,KYOw_11604,10,900,900,Lauraceae/Litsea/Litsea_coreana/KYOw_11604
Lauraceae,Litsea,Litsea_coreana,KYOw_14086,10,900,900,Lauraceae/Litsea/Litsea_coreana/KYOw_14086
Lauraceae,Litsea,Litsea_coreana,KYOw_15169,10,900,900,Lauraceae/Litsea/Litsea_coreana/KYOw_15169
Lauraceae,Litsea,Litsea_coreana,KYOw_15601,10,900,900,Lauraceae/Litsea/Litsea_coreana/KYOw_15601
Lauraceae,Litsea,Litsea_coreana,KYOw_18132,10,900,900,Lauraceae/Litsea/Litsea_coreana/KYOw_18132
Lauraceae,Litsea,Litsea_coreana,KYOw_18156,10,900,900,Lauraceae/Litsea/Litsea_coreana/KYOw_18156
Lauraceae,Litsea,Litsea_coreana,KYOw_18345,10,900,900,Lauraceae/Litsea/Litsea_coreana/KYOw_18345
Lauraceae,Litsea,Litsea_coreana,KYOw_18538,10,900,900,Lauraceae/Litsea/Litsea_coreana/KYOw_18538
Lauraceae,Litsea,Litsea_cubeba,KYOw_15108,20,900,900,Lauraceae/Litsea/Litsea_cubeba/KYOw_15108
Lauraceae,Litsea,Litsea_elongata,KYOw_06430,20,900,900,Lauraceae/Litsea/Litsea_elongata/KYOw_06430
Lauraceae,Litsea,Litsea_glutinosa,KYOw_12364,8,900,900,Lauraceae/Litsea/Litsea_glutinosa/KYOw_12364
Lauraceae,Litsea,Litsea_glutinosa,KYOw_15096,12,900,900,Lauraceae/Litsea/Litsea_glutinosa/KYOw_15096
Lauraceae,Machilus,Machilus_ichangensis,KYOw_06431,20,900,900,Lauraceae/Machilus/Machilus_ichangensis/KYOw_06431
Lauraceae,Machilus,Machilus_japonica,KYOw_12457,10,900,900,Lauraceae/Machilus/Machilus_japonica/KYOw_12457
Lauraceae,Machilus,Machilus_japonica,KYOw_16493,10,900,900,Lauraceae/Machilus/Machilus_japonica/KYOw_16493
Lauraceae,Machilus,Machilus_japonica,KYOw_17792,10,900,900,Lauraceae/Machilus/Machilus_japonica/KYOw_17792
Lauraceae,Machilus,Machilus_japonica,KYOw_17871,10,900,900,Lauraceae/Machilus/Machilus_japonica/KYOw_17871
Lauraceae,Machilus,Machilus_japonica,KYOw_18353,10,900,900,Lauraceae/Machilus/Machilus_japonica/KYOw_18353
Lauraceae,Machilus,Machilus_kusanoi,KYOw_03119,22,900,900,Lauraceae/Machilus/Machilus_kusanoi/KYOw_03119
Lauraceae,Machilus,Machilus_pauhoi,KYOw_15097,20,900,900,Lauraceae/Machilus/Machilus_pauhoi/KYOw_15097
Lauraceae,Machilus,Machilus_pingii,KYOw_15098,20,900,900,Lauraceae/Machilus/Machilus_pingii/KYOw_15098
Lauraceae,Machilus,Machilus_thunbergii,KYOw_00093,10,900,900,Lauraceae/Machilus/Machilus_thunbergii/KYOw_00093
Lauraceae,Machilus,Machilus_thunbergii,KYOw_00701,10,900,900,Lauraceae/Machilus/Machilus_thunbergii/KYOw_00701
Lauraceae,Machilus,Machilus_thunbergii,KYOw_01405,10,900,900,Lauraceae/Machilus/Machilus_thunbergii/KYOw_01405
Lauraceae,Machilus,Machilus_thunbergii,KYOw_02878,10,900,900,Lauraceae/Machilus/Machilus_thunbergii/KYOw_02878
Lauraceae,Machilus,Machilus_thunbergii,KYOw_03238,10,900,900,Lauraceae/Machilus/Machilus_thunbergii/KYOw_03238
Lauraceae,Machilus,Machilus_thunbergii,KYOw_04916,10,900,900,Lauraceae/Machilus/Machilus_thunbergii/KYOw_04916
Lauraceae,Machilus,Machilus_thunbergii,KYOw_04941,10,900,900,Lauraceae/Machilus/Machilus_thunbergii/KYOw_04941
Lauraceae,Machilus,Machilus_thunbergii,KYOw_05684,10,900,900,Lauraceae/Machilus/Machilus_thunbergii/KYOw_05684
Lauraceae,Machilus,Machilus_thunbergii,KYOw_07538,10,900,900,Lauraceae/Machilus/Machilus_thunbergii/KYOw_07538
Lauraceae,Machilus,Machilus_thunbergii,KYOw_07568,10,900,900,Lauraceae/Machilus/Machilus_thunbergii/KYOw_07568
Lauraceae,Machilus,Machilus_thunbergii,KYOw_08374,10,900,900,Lauraceae/Machilus/Machilus_thunbergii/KYOw_08374
Lauraceae,Machilus,Machilus_thunbergii,KYOw_08376,10,900,900,Lauraceae/Machilus/Machilus_thunbergii/KYOw_08376
Lauraceae,Machilus,Machilus_thunbergii,KYOw_08378,10,900,900,Lauraceae/Machilus/Machilus_thunbergii/KYOw_08378
Lauraceae,Machilus,Machilus_thunbergii,KYOw_09293,10,900,900,Lauraceae/Machilus/Machilus_thunbergii/KYOw_09293
Lauraceae,Machilus,Machilus_thunbergii,KYOw_10338,10,900,900,Lauraceae/Machilus/Machilus_thunbergii/KYOw_10338
Lauraceae,Machilus,Machilus_thunbergii,KYOw_11009,10,900,900,Lauraceae/Machilus/Machilus_thunbergii/KYOw_11009
Lauraceae,Machilus,Machilus_thunbergii,KYOw_12546,10,900,900,Lauraceae/Machilus/Machilus_thunbergii/KYOw_12546
Lauraceae,Machilus,Machilus_thunbergii,KYOw_14234,10,900,900,Lauraceae/Machilus/Machilus_thunbergii/KYOw_14234
Lauraceae,Machilus,Machilus_thunbergii,KYOw_14313,10,900,900,Lauraceae/Machilus/Machilus_thunbergii/KYOw_14313
Lauraceae,Machilus,Machilus_thunbergii,KYOw_15940,10,900,900,Lauraceae/Machilus/Machilus_thunbergii/KYOw_15940
Lauraceae,Machilus,Machilus_thunbergii,KYOw_18125,10,900,900,Lauraceae/Machilus/Machilus_thunbergii/KYOw_18125
Lauraceae,Machilus,Machilus_viridis,KYOw_15109,24,900,900,Lauraceae/Machilus/Machilus_viridis/KYOw_15109
Lauraceae,Machilus,Machilus_zuihoensis,KYOw_03120,21,900,900,Lauraceae/Machilus/Machilus_zuihoensis/KYOw_03120
Lauraceae,Neolitsea,Neolitsea_acuminatissima,KYOw_03184,22,900,900,Lauraceae/Neolitsea/Neolitsea_acuminatissima/KYOw_03184
Lauraceae,Neolitsea,Neolitsea_acutotrinervia,KYOw_03146,23,900,900,Lauraceae/Neolitsea/Neolitsea_acutotrinervia/KYOw_03146
Lauraceae,Neolitsea,Neolitsea_cambodiana,KYOw_06339,20,900,900,Lauraceae/Neolitsea/Neolitsea_cambodiana/KYOw_06339
Lauraceae,Phoebe,Phoebe_lanceolata,KYOw_15110,20,900,900,Lauraceae/Phoebe/Phoebe_lanceolata/KYOw_15110
Lauraceae,Phoebe,Phoebe_marcrocarpa,KYOw_15111,20,900,900,Lauraceae/Phoebe/Phoebe_marcrocarpa/KYOw_15111
Lauraceae,Phoebe,Phoebe_nanmu,KYOw_06342,15,900,900,Lauraceae/Phoebe/Phoebe_nanmu/KYOw_06342
Lauraceae,Phoebe,Phoebe_nanmu,KYOw_15099,15,900,900,Lauraceae/Phoebe/Phoebe_nanmu/KYOw_15099
Lauraceae,Phoebe,Phoebe_neurantha,KYOw_15112,30,900,900,Lauraceae/Phoebe/Phoebe_neurantha/KYOw_15112
Lauraceae,Phoebe,Phoebe_puwenensis,KYOw_15113,20,900,900,Lauraceae/Phoebe/Phoebe_puwenensis/KYOw_15113
Lauraceae,Phoebe,Phoebe_sheareri,KYOw_06343,15,900,900,Lauraceae/Phoebe/Phoebe_sheareri/KYOw_06343
Lauraceae,Phoebe,Phoebe_sheareri,KYOw_06436,12,900,900,Lauraceae/Phoebe/Phoebe_sheareri/KYOw_06436
Lauraceae,Sassafras,Sassafras_tzumu,KYOw_06346,18,900,900,Lauraceae/Sassafras/Sassafras_tzumu/KYOw_06346
Lauraceae,Sassafras,Sassafras_tzumu,KYOw_15114,30,900,900,Lauraceae/Sassafras/Sassafras_tzumu/KYOw_15114
Magnoliaceae,Liriodendron,Liriodendron_chinense,Nanj_00001,34,900,900,Magnoliaceae/Liriodendron/Liriodendron_chinense/Nanj_00001
Magnoliaceae,Liriodendron,Liriodendron_chinense,Nanj_00002,22,900,900,Magnoliaceae/Liriodendron/Liriodendron_chinense/Nanj_00002
Magnoliaceae,Liriodendron,Liriodendron_chinense,Nanj_00003,29,900,900,Magnoliaceae/Liriodendron/Liriodendron_chinense/Nanj_00003
Magnoliaceae,Liriodendron,Liriodendron_tulipifera,Nanj_00004,25,900,900,Magnoliaceae/Liriodendron/Liriodendron_tulipifera/Nanj_00004
Magnoliaceae,Magnolia,Magnolia_champaca,Nanj_00005,6,900,900,Magnoliaceae/Magnolia/Magnolia_champaca/Nanj_00005
Magnoliaceae,Magnolia,Magnolia_champaca,Nanj_00006,12,900,900,Magnoliaceae/Magnolia/Magnolia_champaca/Nanj_00006
Magnoliaceae,Magnolia,Magnolia_cylindrica,Nanj_00007,32,900,900,Magnoliaceae/Magnolia/Magnolia_cylindrica/Nanj_00007
Magnoliaceae,Magnolia,Magnolia_cylindrica,Nanj_00008,30,900,900,Magnoliaceae/Magnolia/Magnolia_cylindrica/Nanj_00008
Magnoliaceae,Magnolia,Magnolia_cylindrica,Nanj_00009,31,900,900,Magnoliaceae/Magnolia/Magnolia_cylindrica/Nanj_00009
Magnoliaceae,Magnolia,Magnolia_denudata,Nanj_00010,17,900,900,Magnoliaceae/Magnolia/Magnolia_denudata/Nanj_00010
Magnoliaceae,Magnolia,Magnolia_figo,Nanj_00011,17,900,900,Magnoliaceae/Magnolia/Magnolia_figo/Nanj_00011
Magnoliaceae,Magnolia,Magnolia_figo,Nanj_00012,16,900,900,Magnoliaceae/Magnolia/Magnolia_figo/Nanj_00012
Magnoliaceae,Magnolia,Magnolia_figo,Nanj_00013,11,900,900,Magnoliaceae/Magnolia/Magnolia_figo/Nanj_00013
Magnoliaceae,Magnolia,Magnolia_fordiana_var_forrestii,Nanj_00014,28,900,900,Magnoliaceae/Magnolia/Magnolia_fordiana_var_forrestii/Nanj_00014
Magnoliaceae,Magnolia,Magnolia_fordiana_var_hainanensis,Nanj_00015,21,900,900,Magnoliaceae/Magnolia/Magnolia_fordiana_var_hainanensis/Nanj_00015
Magnoliaceae,Magnolia,Magnolia_gioi,Nanj_00016,27,900,900,Magnoliaceae/Magnolia/Magnolia_gioi/Nanj_00016
Magnoliaceae,Magnolia,Magnolia_liliiflora,Nanj_00017,16,900,900,Magnoliaceae/Magnolia/Magnolia_liliiflora/Nanj_00017
Magnoliaceae,Magnolia,Magnolia_liliiflora,Nanj_00018,16,900,900,Magnoliaceae/Magnolia/Magnolia_liliiflora/Nanj_00018
Magnoliaceae,Magnolia,Magnolia_liliiflora,Nanj_00019,24,900,900,Magnoliaceae/Magnolia/Magnolia_liliiflora/Nanj_00019
Magnoliaceae,Magnolia,Magnolia_lotungensis,Nanj_00020,48,900,900,Magnoliaceae/Magnolia/Magnolia_lotungensis/Nanj_00020
Magnoliaceae,Magnolia,Magnolia_lotungensis,Nanj_00021,56,900,900,Magnoliaceae/Magnolia/Magnolia_lotungensis/Nanj_00021
Magnoliaceae,Magnolia,Magnolia_lotungensis,Nanj_00022,52,900,900,Magnoliaceae/Magnolia/Magnolia_lotungensis/Nanj_00022
Magnoliaceae,Magnolia,Magnolia_macclurei,Nanj_00023,24,900,900,Magnoliaceae/Magnolia/Magnolia_macclurei/Nanj_00023
Magnoliaceae,Magnolia,Magnolia_maudiae,Nanj_00024,41,900,900,Magnoliaceae/Magnolia/Magnolia_maudiae/Nanj_00024
Magnoliaceae,Magnolia,Magnolia_maudiae,Nanj_00025,35,900,900,Magnoliaceae/Magnolia/Magnolia_maudiae/Nanj_00025
Magnoliaceae,Magnolia,Magnolia_maudiae,Nanj_00026,33,900,900,Magnoliaceae/Magnolia/Magnolia_maudiae/Nanj_00026
Magnoliaceae,Magnolia,Magnolia_maudiae_var_platypetala,Nanj_00027,21,900,900,Magnoliaceae/Magnolia/Magnolia_maudiae_var_platypetala/Nanj_00027
Magnoliaceae,Magnolia,Magnolia_maudiae_var_platypetala,Nanj_00028,24,900,900,Magnoliaceae/Magnolia/Magnolia_maudiae_var_platypetala/Nanj_00028
Magnoliaceae,Magnolia,Magnolia_maudiae_var_platypetala,Nanj_00029,24,900,900,Magnoliaceae/Magnolia/Magnolia_maudiae_var_platypetala/Nanj_00029
Magnoliaceae,Magnolia,Magnolia_officinalis_var_biloba,Nanj_00030,23,900,900,Magnoliaceae/Magnolia/Magnolia_officinalis_var_biloba/Nanj_00030
Magnoliaceae,Magnolia,Magnolia_officinalis_var_biloba,Nanj_00031,20,900,900,Magnoliaceae/Magnolia/Magnolia_officinalis_var_biloba/Nanj_00031
Magnoliaceae,Magnolia,Magnolia_officinalis_var_biloba,Nanj_00032,9,900,900,Magnoliaceae/Magnolia/Magnolia_officinalis_var_biloba/Nanj_00032
Magnoliaceae,Magnolia,Magnolia_sargentiana,Nanj_00033,21,900,900,Magnoliaceae/Magnolia/Magnolia_sargentiana/Nanj_00033
Magnoliaceae,Magnolia,Magnolia_sprengeri,Nanj_00034,15,900,900,Magnoliaceae/Magnolia/Magnolia_sprengeri/Nanj_00034
Magnoliaceae,Magnolia,Magnolia_sprengeri,Nanj_00035,19,900,900,Magnoliaceae/Magnolia/Magnolia_sprengeri/Nanj_00035
Magnoliaceae,Magnolia,Magnolia_sprengeri,Nanj_00036,28,900,900,Magnoliaceae/Magnolia/Magnolia_sprengeri/Nanj_00036
Magnoliaceae,Magnolia,Magnolia_sumatrana_var_glauca,Nanj_00037,19,900,900,Magnoliaceae/Magnolia/Magnolia_sumatrana_var_glauca/Nanj_00037
Sapindaceae,Acer,Acer_amoenum,prep_09963,11,900,900,Sapindaceae/Acer/Acer_amoenum/prep_09963
Sapindaceae,Acer,Acer_amoenum,prep_10073,10,900,900,Sapindaceae/Acer/Acer_amoenum/prep_10073
Sapindaceae,Acer,Acer_argutum,prep_09773,2,900,900,Sapindaceae/Acer/Acer_argutum/prep_09773
Sapindaceae,Acer,Acer_argutum,prep_09775,8,900,900,Sapindaceae/Acer/Acer_argutum/prep_09775
Sapindaceae,Acer,Acer_carpinifolium,prep_03079,1,900,900,Sapindaceae/Acer/Acer_carpinifolium/prep_03079
Sapindaceae,Acer,Acer_carpinifolium,prep_05998,5,900,900,Sapindaceae/Acer/Acer_carpinifolium/prep_05998
Sapindaceae,Acer,Acer_carpinifolium,prep_06350,7,900,900,Sapindaceae/Acer/Acer_carpinifolium/prep_06350
Sapindaceae,Acer,Acer_carpinifolium,prep_10018,4,900,900,Sapindaceae/Acer/Acer_carpinifolium/prep_10018
Sapindaceae,Acer,Acer_carpinifolium,prep_10191,8,900,900,Sapindaceae/Acer/Acer_carpinifolium/prep_10191
Sapindaceae,Acer,Acer_crataegifolium,prep_06215,13,900,900,Sapindaceae/Acer/Acer_crataegifolium/prep_06215
Sapindaceae,Acer,Acer_crataegifolium,prep_10077,11,900,900,Sapindaceae/Acer/Acer_crataegifolium/prep_10077
Sapindaceae,Acer,Acer_distylum,prep_09981,12,900,900,Sapindaceae/Acer/Acer_distylum/prep_09981
Sapindaceae,Acer,Acer_japonicum,prep_06335,11,900,900,Sapindaceae/Acer/Acer_japonicum/prep_06335
Sapindaceae,Acer,Acer_japonicum,prep_09616,10,900,900,Sapindaceae/Acer/Acer_japonicum/prep_09616
Sapindaceae,Acer,Acer_japonicum,prep_09831,7,900,900,Sapindaceae/Acer/Acer_japonicum/prep_09831
Sapindaceae,Acer,Acer_micranthum,prep_09623,12,900,900,Sapindaceae/Acer/Acer_micranthum/prep_09623
Sapindaceae,Acer,Acer_nipponicum,prep_08463,10,900,900,Sapindaceae/Acer/Acer_nipponicum/prep_08463
Sapindaceae,Acer,Acer_pictum_subsp_dissectum,KYOw_00117,10,900,900,Sapindaceae/Acer/Acer_pictum_subsp_dissectum/KYOw_00117
Sapindaceae,Acer,Acer_pictum_subsp_dissectum,KYOw_00430,10,900,900,Sapindaceae/Acer/Acer_pictum_subsp_dissectum/KYOw_00430
Sapindaceae,Acer,Acer_pictum_subsp_dissectum,KYOw_01647,10,900,900,Sapindaceae/Acer/Acer_pictum_subsp_dissectum/KYOw_01647
Sapindaceae,Acer,Acer_pictum_subsp_dissectum,KYOw_03004,11,900,900,Sapindaceae/Acer/Acer_pictum_subsp_dissectum/KYOw_03004
Sapindaceae,Acer,Acer_pictum_subsp_dissectum,KYOw_08132,13,900,900,Sapindaceae/Acer/Acer_pictum_subsp_dissectum/KYOw_08132
Sapindaceae,Acer,Acer_pictum_subsp_dissectum,prep_06216,10,900,900,Sapindaceae/Acer/Acer_pictum_subsp_dissectum/prep_06216
Sapindaceae,Acer,Acer_pictum_subsp_dissectum,prep_06336,9,900,900,Sapindaceae/Acer/Acer_pictum_subsp_dissectum/prep_06336
Sapindaceae,Acer,Acer_pictum_subsp_dissectum_f_connivens,prep_10080,6,900,900,Sapindaceae/Acer/Acer_pictum_subsp_dissectum_f_connivens/prep_10080
Sapindaceae,Acer,Acer_pictum_subsp_mayrii,prep_06332,7,900,900,Sapindaceae/Acer/Acer_pictum_subsp_mayrii/prep_06332
Sapindaceae,Acer,Acer_pictum_subsp_mayrii,prep_09587,10,900,900,Sapindaceae/Acer/Acer_pictum_subsp_mayrii/prep_09587
Sapindaceae,Acer,Acer_pictum_subsp_pictum_f_ambiguum,prep_10020,7,900,900,Sapindaceae/Acer/Acer_pictum_subsp_pictum_f_ambiguum/prep_10020
Sapindaceae,Acer,Acer_rufinerve,prep_02845,4,900,900,Sapindaceae/Acer/Acer_rufinerve/prep_02845
Sapindaceae,Acer,Acer_rufinerve,prep_06485,8,900,900,Sapindaceae/Acer/Acer_rufinerve/prep_06485
Sapindaceae,Acer,Acer_rufinerve,prep_09615,8,900,900,Sapindaceae/Acer/Acer_rufinerve/prep_09615
Sapindaceae,Acer,Acer_rufinerve,prep_10025,10,900,900,Sapindaceae/Acer/Acer_rufinerve/prep_10025
Sapindaceae,Acer,Acer_sieboldianum,prep_09965,11,900,900,Sapindaceae/Acer/Acer_sieboldianum/prep_09965
Sapindaceae,Acer,Acer_sieboldianum,prep_10165,9,900,900,Sapindaceae/Acer/Acer_sieboldianum/prep_10165
Sapindaceae,Aesculus,Aesculus_turbinata,KYOw_00394,4,900,900,Sapindaceae/Aesculus/Aesculus_turbinata/KYOw_00394
Sapindaceae,Aesculus,Aesculus_turbinata,KYOw_01300,4,900,900,Sapindaceae/Aesculus/Aesculus_turbinata/KYOw_01300
Sapindaceae,Aesculus,Aesculus_turbinata,KYOw_03006,11,900,900,Sapindaceae/Aesculus/Aesculus_turbinata/KYOw_03006
Sapindaceae,Aesculus,Aesculus_turbinata,KYOw_05303,7,900,900,Sapindaceae/Aesculus/Aesculus_turbinata/KYOw_05303
Sapindaceae,Aesculus,Aesculus_turbinata,KYOw_08348,5,900,900,Sapindaceae/Aesculus/Aesculus_turbinata/KYOw_08348
Sapindaceae,Aesculus,Aesculus_turbinata,KYOw_09154,9,900,900,Sapindaceae/Aesculus/Aesculus_turbinata/KYOw_09154
Sapindaceae,Aesculus,Aesculus_turbinata,KYOw_09317,7,900,900,Sapindaceae/Aesculus/Aesculus_turbinata/KYOw_09317
Sapindaceae,Aesculus,Aesculus_turbinata,KYOw_11040,10,900,900,Sapindaceae/Aesculus/Aesculus_turbinata/KYOw_11040
Sapindaceae,Aesculus,Aesculus_turbinata,prep_00663,8,900,900,Sapindaceae/Aesculus/Aesculus_turbinata/prep_00663
Sapindaceae,Aesculus,Aesculus_turbinata,prep_09591,5,900,900,Sapindaceae/Aesculus/Aesculus_turbinata/prep_09591
Sapindaceae,Aesculus,Aesculus_turbinata,prep_09744,5,900,900,Sapindaceae/Aesculus/Aesculus_turbinata/prep_09744
Sapindaceae,Aesculus,Aesculus_turbinata,prep_10704,6,900,900,Sapindaceae/Aesculus/Aesculus_turbinata/prep_10704
Sapindaceae,Dodonaea,Dodonaea_viscosa,KYOw_14235,7,900,900,Sapindaceae/Dodonaea/Dodonaea_viscosa/KYOw_14235
Sapindaceae,Koelreuteria,Koelreuteria_paniculata,KYOw_04483,8,900,900,Sapindaceae/Koelreuteria/Koelreuteria_paniculata/KYOw_04483
Sapindaceae,Koelreuteria,Koelreuteria_paniculata,KYOw_08768,10,900,900,Sapindaceae/Koelreuteria/Koelreuteria_paniculata/KYOw_08768
Sapindaceae,Sapindus,Sapindus_mukorossi,KYOw_00119,8,900,900,Sapindaceae/Sapindus/Sapindus_mukorossi/KYOw_00119
Sapindaceae,Sapindus,Sapindus_mukorossi,KYOw_01066,4,900,900,Sapindaceae/Sapindus/Sapindus_mukorossi/KYOw_01066
Sapindaceae,Sapindus,Sapindus_mukorossi,KYOw_05597,7,900,900,Sapindaceae/Sapindus/Sapindus_mukorossi/KYOw_05597
Sapindaceae,Sapindus,Sapindus_mukorossi,KYOw_05724,4,900,900,Sapindaceae/Sapindus/Sapindus_mukorossi/KYOw_05724
Sapindaceae,Sapindus,Sapindus_mukorossi,KYOw_09318,6,900,900,Sapindaceae/Sapindus/Sapindus_mukorossi/KYOw_09318
Sapindaceae,Sapindus,Sapindus_mukorossi,KYOw_14041,6,900,900,Sapindaceae/Sapindus/Sapindus_mukorossi/KYOw_14041
Sapindaceae,Sapindus,Sapindus_mukorossi,KYOw_17948,8,900,900,Sapindaceae/Sapindus/Sapindus_mukorossi/KYOw_17948
Ulmaceae,Ulmus,Ulmus_davidiana_var_japonica,KYOw_02967,9,900,900,Ulmaceae/Ulmus/Ulmus_davidiana_var_japonica/KYOw_02967
Ulmaceae,Ulmus,Ulmus_davidiana_var_japonica,KYOw_04877,11,900,900,Ulmaceae/Ulmus/Ulmus_davidiana_var_japonica/KYOw_04877
Ulmaceae,Ulmus,Ulmus_davidiana_var_japonica,KYOw_05395,8,900,900,Ulmaceae/Ulmus/Ulmus_davidiana_var_japonica/KYOw_05395
Ulmaceae,Ulmus,Ulmus_davidiana_var_japonica,KYOw_05437,11,900,900,Ulmaceae/Ulmus/Ulmus_davidiana_var_japonica/KYOw_05437
Ulmaceae,Ulmus,Ulmus_davidiana_var_japonica,KYOw_08574,15,900,900,Ulmaceae/Ulmus/Ulmus_davidiana_var_japonica/KYOw_08574
Ulmaceae,Ulmus,Ulmus_davidiana_var_japonica,KYOw_08576,4,900,900,Ulmaceae/Ulmus/Ulmus_davidiana_var_japonica/KYOw_08576
Ulmaceae,Ulmus,Ulmus_davidiana_var_japonica,KYOw_08577,9,900,900,Ulmaceae/Ulmus/Ulmus_davidiana_var_japonica/KYOw_08577
Ulmaceae,Ulmus,Ulmus_davidiana_var_japonica,KYOw_08578,24,900,900,Ulmaceae/Ulmus/Ulmus_davidiana_var_japonica/KYOw_08578
Ulmaceae,Ulmus,Ulmus_davidiana_var_japonica,KYOw_09239,9,900,900,Ulmaceae/Ulmus/Ulmus_davidiana_var_japonica/KYOw_09239
Ulmaceae,Ulmus,Ulmus_davidiana_var_japonica,prep_06422,9,900,900,Ulmaceae/Ulmus/Ulmus_davidiana_var_japonica/prep_06422
Ulmaceae,Ulmus,Ulmus_laciniata,KYOw_00077,16,900,900,Ulmaceae/Ulmus/Ulmus_laciniata/KYOw_00077
Ulmaceae,Ulmus,Ulmus_laciniata,KYOw_01132,20,900,900,Ulmaceae/Ulmus/Ulmus_laciniata/KYOw_01132
Ulmaceae,Ulmus,Ulmus_laciniata,KYOw_01133,11,900,900,Ulmaceae/Ulmus/Ulmus_laciniata/KYOw_01133
Ulmaceae,Ulmus,Ulmus_laciniata,KYOw_02843,19,900,900,Ulmaceae/Ulmus/Ulmus_laciniata/KYOw_02843
Ulmaceae,Ulmus,Ulmus_laciniata,KYOw_02970,15,900,900,Ulmaceae/Ulmus/Ulmus_laciniata/KYOw_02970
Ulmaceae,Ulmus,Ulmus_laciniata,KYOw_02971,17,900,900,Ulmaceae/Ulmus/Ulmus_laciniata/KYOw_02971
Ulmaceae,Ulmus,Ulmus_laciniata,KYOw_09240,21,900,900,Ulmaceae/Ulmus/Ulmus_laciniata/KYOw_09240
Ulmaceae,Ulmus,Ulmus_laciniata,prep_10860,10,900,900,Ulmaceae/Ulmus/Ulmus_laciniata/prep_10860
Ulmaceae,Ulmus,Ulmus_parvifolia,KYOw_00981,13,900,900,Ulmaceae/Ulmus/Ulmus_parvifolia/KYOw_00981
Ulmaceae,Ulmus,Ulmus_parvifolia,KYOw_08575,10,900,900,Ulmaceae/Ulmus/Ulmus_parvifolia/KYOw_08575
Ulmaceae,Ulmus,Ulmus_parvifolia,KYOw_08720,8,900,900,Ulmaceae/Ulmus/Ulmus_parvifolia/KYOw_08720
Ulmaceae,Ulmus,Ulmus_parvifolia,KYOw_08743,10,900,900,Ulmaceae/Ulmus/Ulmus_parvifolia/KYOw_08743
Ulmaceae,Ulmus,Ulmus_parvifolia,KYOw_11153,7,900,900,Ulmaceae/Ulmus/Ulmus_parvifolia/KYOw_11153
Ulmaceae,Ulmus,Ulmus_parvifolia,KYOw_13707,10,900,900,Ulmaceae/Ulmus/Ulmus_parvifolia/KYOw_13707
Ulmaceae,Ulmus,Ulmus_parvifolia,KYOw_18773,10,900,900,Ulmaceae/Ulmus/Ulmus_parvifolia/KYOw_18773
Ulmaceae,Ulmus,Ulmus_parvifolia,KYOw_19663,9,900,900,Ulmaceae/Ulmus/Ulmus_parvifolia/KYOw_19663
Ulmaceae,Zelkova,Zelkova_serrata,KYOw_02834,15,900,900,Ulmaceae/Zelkova/Zelkova_serrata/KYOw_02834
Ulmaceae,Zelkova,Zelkova_serrata,KYOw_02972,14,900,900,Ulmaceae/Zelkova/Zelkova_serrata/KYOw_02972
Ulmaceae,Zelkova,Zelkova_serrata,KYOw_02973,15,900,900,Ulmaceae/Zelkova/Zelkova_serrata/KYOw_02973
Ulmaceae,Zelkova,Zelkova_serrata,KYOw_03052,14,900,900,Ulmaceae/Zelkova/Zelkova_serrata/KYOw_03052
Ulmaceae,Zelkova,Zelkova_serrata,KYOw_05672,12,900,900,Ulmaceae/Zelkova/Zelkova_serrata/KYOw_05672
Ulmaceae,Zelkova,Zelkova_serrata,KYOw_07469,15,900,900,Ulmaceae/Zelkova/Zelkova_serrata/KYOw_07469
Ulmaceae,Zelkova,Zelkova_serrata,KYOw_20000,15,900,900,Ulmaceae/Zelkova/Zelkova_serrata/KYOw_20000
Ulmaceae,Zelkova,Zelkova_serrata,prep_08184,7,900,900,Ulmaceae/Zelkova/Zelkova_serrata/prep_08184
Ulmaceae,Zelkova,Zelkova_serrata,prep_10005,9,900,900,Ulmaceae/Zelkova/Zelkova_serrata/prep_10005
Ulmaceae,Zelkova,Zelkova_serrata,prep_10023,6,900,900,Ulmaceae/Zelkova/Zelkova_serrata/prep_10023
Ulmaceae,Zelkova,Zelkova_serrata,prep_10847,2,900,900,Ulmaceae/Zelkova/Zelkova_serrata/prep_10847
Ulmaceae,Zelkova,Zelkova_serrata,prep_10912,4,900,900,Ulmaceae/Zelkova/Zelkova_serrata/prep_10912
